no,title,author,category,format,access_type,pages,file_size,description,isbn,year,publisher,cover_image,file_url,tags,total_copies,available_copies,is_featured,is_popular,is_new
1,Sunnah Nabi,Terang Literasi,Edukasi,PDF,Akses Terbuka,,,"Buku Sunnah Nabi adalah buku dengan kategori Edukasi. Buku ini ditulis oleh Terang Literasi. Buku ini dapat diunduh, dibaca dan didiskusikan bersama di Terang Literasi.",,2026,Terang Literasi,https://drive.google.com/uc?export=download&id=16kYAHrh0cDNiHVaT5mnYUWe_7Tt2wyNP,https://drive.google.com/uc?export=download&id=1XybhhzcHlBIpsJK3WrWbgZuBSyojdcKF,,1,1,FALSE,FALSE,TRUE
2,40 Bait-Bait Pantun Seputar Aqidah Islam EBS,Terang Literasi,Edukasi,PDF,Akses Terbuka,,,"Buku 40 Bait-Bait Pantun Seputar Aqidah Islam EBS adalah buku dengan kategori Edukasi. Buku ini ditulis oleh Terang Literasi. Buku ini dapat diunduh, dibaca dan didiskusikan bersama di Terang Literasi.",,2026,Terang Literasi,https://drive.google.com/uc?export=download&id=118azH9ezlVUqUNKKPWr0HhuIuS6dZtTZ,https://drive.google.com/uc?export=download&id=12rP23IccaqL9SSJHVkLTKnTzb9i28iwK,,1,1,FALSE,FALSE,TRUE
3,50 Pembahasan Dan Faedah Seputar Iktikaf EBS,Terang Literasi,Edukasi,PDF,Akses Terbuka,,,"Buku 50 Pembahasan Dan Faedah Seputar Iktikaf EBS adalah buku dengan kategori Edukasi. Buku ini ditulis oleh Terang Literasi. Buku ini dapat diunduh, dibaca dan didiskusikan bersama di Terang Literasi.",,2026,Terang Literasi,https://drive.google.com/uc?export=download&id=17nLzZCDbBx7KzR7ZZ8a1MWxdBMHkhsIz,https://drive.google.com/uc?export=download&id=1AN6hQgxtf2cUIWSXAhOj1BPCDbhgM-Pg,,1,1,FALSE,FALSE,TRUE
4,50 Hadits Pilihan Untuk Anak-Anak Seri-2-EBS,Terang Literasi,Edukasi,PDF,Akses Terbuka,,,"Buku 50 Hadits Pilihan Untuk Anak-Anak Seri-2-EBS adalah buku dengan kategori Edukasi. Buku ini ditulis oleh Terang Literasi. Buku ini dapat diunduh, dibaca dan didiskusikan bersama di Terang Literasi.",,2026,Terang Literasi,https://drive.google.com/uc?export=download&id=1uXUzkK0rIn5y8H-YswWJQ5d5t3gsi5mT,https://drive.google.com/uc?export=download&id=1TIjcbsdN-odgiG3c6uPpWsHj3_QLoNtv,,1,1,FALSE,FALSE,TRUE
5,Buku Bisnis Ala Nabi,Terang Literasi,Edukasi,PDF,Akses Terbuka,,,"Buku Buku Bisnis Ala Nabi adalah buku dengan kategori Edukasi. Buku ini ditulis oleh Terang Literasi. Buku ini dapat diunduh, dibaca dan didiskusikan bersama di Terang Literasi.",,2026,Terang Literasi,https://drive.google.com/uc?export=download&id=1cg3mUAwMYPDqmubOueENd2gu4UbldgNS,https://drive.google.com/uc?export=download&id=18uUOezmpNFQFYlSaG4vV0YPwiMf9qGbq,,1,1,FALSE,FALSE,TRUE
6,BUKU BUMI CINTA,Terang Literasi,Edukasi,PDF,Akses Terbuka,,,"Buku BUKU BUMI CINTA adalah buku dengan kategori Edukasi. Buku ini ditulis oleh Terang Literasi. Buku ini dapat diunduh, dibaca dan didiskusikan bersama di Terang Literasi.",,2026,Terang Literasi,https://drive.google.com/uc?export=download&id=1JAm4OlV4xbGUKIsPDwK7QlqDk8oxszEs,https://drive.google.com/uc?export=download&id=19VrM8KKKqxk61Xt49QnJnhmpUXp3p4FL,,1,1,FALSE,FALSE,TRUE
7,Dear allah,Terang Literasi,Edukasi,PDF,Akses Terbuka,,,"Buku Dear allah adalah buku dengan kategori Edukasi. Buku ini ditulis oleh Terang Literasi. Buku ini dapat diunduh, dibaca dan didiskusikan bersama di Terang Literasi.",,2026,Terang Literasi,https://drive.google.com/uc?export=download&id=1lqXsvZZq0niVfeGXlU0nO4g8-ygidwof,https://drive.google.com/uc?export=download&id=1v8mcGOtv13Kn4R2L1ePQir9pBpLsoJyD,,1,1,FALSE,FALSE,TRUE
8,DIABADIKAN QUR’AN DIPELIHARA BUMI,Terang Literasi,Edukasi,PDF,Akses Terbuka,,,"Buku DIABADIKAN QUR’AN DIPELIHARA BUMI adalah buku dengan kategori Edukasi. Buku ini ditulis oleh Terang Literasi. Buku ini dapat diunduh, dibaca dan didiskusikan bersama di Terang Literasi.",,2026,Terang Literasi,https://drive.google.com/uc?export=download&id=1fIr5NsbKdSGGnxxLO9sUtYcV4j3YwXkk,https://drive.google.com/uc?export=download&id=101E7J9UDnT1341P2UcrB4f768IkDob6T,,1,1,FALSE,FALSE,TRUE
9,Empat Puluh Hadits Seputar Tuntunan Bekerja,Terang Literasi,Edukasi,PDF,Akses Terbuka,,,"Buku Empat Puluh Hadits Seputar Tuntunan Bekerja adalah buku dengan kategori Edukasi. Buku ini ditulis oleh Terang Literasi. Buku ini dapat diunduh, dibaca dan didiskusikan bersama di Terang Literasi.",,2026,Terang Literasi,https://drive.google.com/uc?export=download&id=14kB4tZao0lqgSyYzT6BG2QbMLtUBvbqd,https://drive.google.com/uc?export=download&id=1leYXJMyAHBhYlC98-DSjORxuNlVDBz93,,1,1,FALSE,FALSE,TRUE
10,Salinan Fihi ma fihi,Terang Literasi,Edukasi,PDF,Akses Terbuka,,,"Buku Salinan Fihi ma fihi adalah buku dengan kategori Edukasi. Buku ini ditulis oleh Terang Literasi. Buku ini dapat diunduh, dibaca dan didiskusikan bersama di Terang Literasi.",,2026,Terang Literasi,https://drive.google.com/uc?export=download&id=11IUAEQzAtVeLQ6o3SR4vkBlEJePYxhPE,https://drive.google.com/uc?export=download&id=1HqaVFTOoSuAaVLqhIJtM5Ow9Nn6bzNQL,,1,1,FALSE,FALSE,TRUE
11,Keutamaan Membaca Al-Qur’an di Bulan Ramadhan,Terang Literasi,Edukasi,PDF,Akses Terbuka,,,"Buku Keutamaan Membaca Al-Qur’an di Bulan Ramadhan adalah buku dengan kategori Edukasi. Buku ini ditulis oleh Terang Literasi. Buku ini dapat diunduh, dibaca dan didiskusikan bersama di Terang Literasi.",,2026,Terang Literasi,https://drive.google.com/uc?export=download&id=12wCIL5VJ-deZq0syCIwsoXJcI64heav5,https://drive.google.com/uc?export=download&id=1JG3M44UVdw-Tadz9Zuwzb-3m0Zd7keBX,,1,1,FALSE,FALSE,TRUE
12,Kumpulan Doa dari Al-Quran,Terang Literasi,Edukasi,PDF,Akses Terbuka,,,"Buku Kumpulan Doa dari Al-Quran adalah buku dengan kategori Edukasi. Buku ini ditulis oleh Terang Literasi. Buku ini dapat diunduh, dibaca dan didiskusikan bersama di Terang Literasi.",,2026,Terang Literasi,https://drive.google.com/uc?export=download&id=1FqyQ_gKpY_1PlTN07oCsyuzWBG_goqD5,https://drive.google.com/uc?export=download&id=1H-m2nCjcmOUDANvvv1jo8J9ZYIDZgaI1,,1,1,FALSE,FALSE,TRUE
13,Membahagiakan Abi,Terang Literasi,Edukasi,PDF,Akses Terbuka,,,"Buku Membahagiakan Abi adalah buku dengan kategori Edukasi. Buku ini ditulis oleh Terang Literasi. Buku ini dapat diunduh, dibaca dan didiskusikan bersama di Terang Literasi.",,2026,Terang Literasi,https://drive.google.com/uc?export=download&id=1_cK85dR8PMQI0Z2Yqbpls-7O2jTlCxuV,https://drive.google.com/uc?export=download&id=1NVFfR8iSaVP4_Cx_9nTtekEgLOfSypuL,,1,1,FALSE,FALSE,TRUE
14,Membahagiakan Ummi,Terang Literasi,Edukasi,PDF,Akses Terbuka,,,"Buku Membahagiakan Ummi adalah buku dengan kategori Edukasi. Buku ini ditulis oleh Terang Literasi. Buku ini dapat diunduh, dibaca dan didiskusikan bersama di Terang Literasi.",,2026,Terang Literasi,https://drive.google.com/uc?export=download&id=1iEszGaEriSAl4A9qz12FfilyD5QeHcsV,https://drive.google.com/uc?export=download&id=1LTHlANsbK_XTmEC9sX4hc2vZVdiVKgxP,,1,1,FALSE,FALSE,TRUE
15,Menjadi Manusia Terbaik EBS,Terang Literasi,Edukasi,PDF,Akses Terbuka,,,"Buku Menjadi Manusia Terbaik EBS adalah buku dengan kategori Edukasi. Buku ini ditulis oleh Terang Literasi. Buku ini dapat diunduh, dibaca dan didiskusikan bersama di Terang Literasi.",,2026,Terang Literasi,https://drive.google.com/uc?export=download&id=1LcsP7T0DB7Dw7F5qBI7F7-7J_PUu8wIy,https://drive.google.com/uc?export=download&id=15ua8-74UQaq0Ov14k01gFz4EmgM1wX1d,,1,1,FALSE,FALSE,TRUE
16,Rahasia magnet rezeki,Terang Literasi,Edukasi,PDF,Akses Terbuka,,,"Buku Rahasia magnet rezeki adalah buku dengan kategori Edukasi. Buku ini ditulis oleh Terang Literasi. Buku ini dapat diunduh, dibaca dan didiskusikan bersama di Terang Literasi.",,2026,Terang Literasi,https://drive.google.com/uc?export=download&id=1YMo_aX_JPeqJB9PQyqxkakrinMOYywK0,https://drive.google.com/uc?export=download&id=1ugT8tC3EBVhbIwHnSYSIBTTXLUHqKZ_W,,1,1,FALSE,FALSE,TRUE
17,Sebuah Bingkisan Sebagai Bekal Teruntuk Musafir,Terang Literasi,Edukasi,PDF,Akses Terbuka,,,"Buku Sebuah Bingkisan Sebagai Bekal Teruntuk Musafir adalah buku dengan kategori Edukasi. Buku ini ditulis oleh Terang Literasi. Buku ini dapat diunduh, dibaca dan didiskusikan bersama di Terang Literasi.",,2026,Terang Literasi,https://drive.google.com/uc?export=download&id=1xl1FGpRauCd3FKnoyW8bE9z0_5dCcONR,https://drive.google.com/uc?export=download&id=1QP00Y1oS6BGchBXvT0nmlbi7Q4wq44jV,,1,1,FALSE,FALSE,TRUE
18,Serial 4 wanita penghuni surga,Terang Literasi,Edukasi,PDF,Akses Terbuka,,,"Buku Serial 4 wanita penghuni surga adalah buku dengan kategori Edukasi. Buku ini ditulis oleh Terang Literasi. Buku ini dapat diunduh, dibaca dan didiskusikan bersama di Terang Literasi.",,2026,Terang Literasi,https://drive.google.com/uc?export=download&id=1t1vnQ3JoQ3Jg2Ifl5TkPOd4qMxwxg4Z7,https://drive.google.com/uc?export=download&id=1tLVO3LyxycOKGe_JXrFQ9EAaDuFVz3o5,,1,1,FALSE,FALSE,TRUE
19,Umar bin khatab,Terang Literasi,Edukasi,PDF,Akses Terbuka,,,"Buku Umar bin khatab adalah buku dengan kategori Edukasi. Buku ini ditulis oleh Terang Literasi. Buku ini dapat diunduh, dibaca dan didiskusikan bersama di Terang Literasi.",,2026,Terang Literasi,https://drive.google.com/uc?export=download&id=1eT4dJIlvJmrlBUfTNslBxEEMZBLz-hFq,https://drive.google.com/uc?export=download&id=1Z3UsO9Xm9RCCQzBCoDjNDWEvwUg9Nk-L,,1,1,FALSE,FALSE,TRUE
20,Usman bin affan,Terang Literasi,Edukasi,PDF,Akses Terbuka,,,"Buku Usman bin affan adalah buku dengan kategori Edukasi. Buku ini ditulis oleh Terang Literasi. Buku ini dapat diunduh, dibaca dan didiskusikan bersama di Terang Literasi.",,2026,Terang Literasi,https://drive.google.com/uc?export=download&id=1FbI_kRqn5lZGKtJf93QmOeCr3m37BZuQ,https://drive.google.com/uc?export=download&id=1XlxMDoVR1dr26zB5sQCyHnpmMYdbZbEl,,1,1,FALSE,FALSE,TRUE
21,9 Pesan Akidah dalam Ibadah Puasa,Terang Literasi,Edukasi,PDF,Akses Terbuka,,,"Buku 9 Pesan Akidah dalam Ibadah Puasa adalah buku dengan kategori Edukasi. Buku ini ditulis oleh Terang Literasi. Buku ini dapat diunduh, dibaca dan didiskusikan bersama di Terang Literasi.",,2026,Terang Literasi,https://drive.google.com/uc?export=download&id=1SUGQ6xdkd9EhTUmBO4dw2Ceb9lO6Gw5P,https://drive.google.com/uc?export=download&id=1PpDiKZdUjq8NbCcYS5n4MGkWGhzcFaUZ,,1,1,FALSE,FALSE,TRUE
22,10 Hadits Sebagai Nasehat Di Bulan Syawwal,Terang Literasi,Edukasi,PDF,Akses Terbuka,,,"Buku 10 Hadits Sebagai Nasehat Di Bulan Syawwal adalah buku dengan kategori Edukasi. Buku ini ditulis oleh Terang Literasi. Buku ini dapat diunduh, dibaca dan didiskusikan bersama di Terang Literasi.",,2026,Terang Literasi,https://drive.google.com/uc?export=download&id=1PRGBQuYQ3s9Nga0y70bdTpdGtdycXY5e,https://drive.google.com/uc?export=download&id=1cGRCO1Yd74Tp9aPCTarZZmFch9MxG8R9,,1,1,FALSE,FALSE,TRUE
23,25 Kaidah Tauhid,Terang Literasi,Edukasi,PDF,Akses Terbuka,,,"Buku 25 Kaidah Tauhid adalah buku dengan kategori Edukasi. Buku ini ditulis oleh Terang Literasi. Buku ini dapat diunduh, dibaca dan didiskusikan bersama di Terang Literasi.",,2026,Terang Literasi,https://drive.google.com/uc?export=download&id=18F18Ee-A0zbUm7X_0oO3yjXiZ2fNxSXf,https://drive.google.com/uc?export=download&id=13XlGMD49aD4Oq_p9u5eZ9Yp8RP7ohURW,,1,1,FALSE,FALSE,TRUE
24,32 Serba Serbi Bulan Syakban EBS,Terang Literasi,Edukasi,PDF,Akses Terbuka,,,"Buku 32 Serba Serbi Bulan Syakban EBS adalah buku dengan kategori Edukasi. Buku ini ditulis oleh Terang Literasi. Buku ini dapat diunduh, dibaca dan didiskusikan bersama di Terang Literasi.",,2026,Terang Literasi,https://drive.google.com/uc?export=download&id=1z6pbccpjPi4E8jCGVG2jfeOycCtlRrCc,https://drive.google.com/uc?export=download&id=1jkvngK-xP73sKhgwkGlq_KLgmZ4QTBhH,,1,1,FALSE,FALSE,TRUE
25,Akibat Melalaikan Shalat,Terang Literasi,Edukasi,PDF,Akses Terbuka,,,"Buku Akibat Melalaikan Shalat adalah buku dengan kategori Edukasi. Buku ini ditulis oleh Terang Literasi. Buku ini dapat diunduh, dibaca dan didiskusikan bersama di Terang Literasi.",,2026,Terang Literasi,https://drive.google.com/uc?export=download&id=1KiUTqkcI0DqKxUixlFHBMoG_ienA_3HN,https://drive.google.com/uc?export=download&id=1BdTQJoF223FvWNqmqD9xFxxiw6Dx-sTe,,1,1,FALSE,FALSE,TRUE
26,Aset Berharga Dunia Akhirat,Terang Literasi,Edukasi,PDF,Akses Terbuka,,,"Buku Aset Berharga Dunia Akhirat adalah buku dengan kategori Edukasi. Buku ini ditulis oleh Terang Literasi. Buku ini dapat diunduh, dibaca dan didiskusikan bersama di Terang Literasi.",,2026,Terang Literasi,https://drive.google.com/uc?export=download&id=1j_yX-J3XeG4SA-BRSLki-unkB0YmFG0W,https://drive.google.com/uc?export=download&id=1MVj134c7-EwB8uipiDfYbVIO26q5gEb4,,1,1,FALSE,FALSE,TRUE
27,Asmaul Husna English,Terang Literasi,Edukasi,PDF,Akses Terbuka,,,"Buku Asmaul Husna English adalah buku dengan kategori Edukasi. Buku ini ditulis oleh Terang Literasi. Buku ini dapat diunduh, dibaca dan didiskusikan bersama di Terang Literasi.",,2026,Terang Literasi,https://drive.google.com/uc?export=download&id=1a2Nq3El2fYTT4JAMmNO36-wWKb6l6QFE,https://drive.google.com/uc?export=download&id=1gulRs5CGc0nLi0WgbbaFMbgd1M99pf2f,,1,1,FALSE,FALSE,TRUE
28,Belajar Romantis dari Rasulullah,Terang Literasi,Edukasi,PDF,Akses Terbuka,,,"Buku Belajar Romantis dari Rasulullah adalah buku dengan kategori Edukasi. Buku ini ditulis oleh Terang Literasi. Buku ini dapat diunduh, dibaca dan didiskusikan bersama di Terang Literasi.",,2026,Terang Literasi,https://drive.google.com/uc?export=download&id=1F_u5cgQmeVq7pqdTd8Yvwb81YFa7phhi,https://drive.google.com/uc?export=download&id=1qG55MokJqa5GRHhkxXj69PRZZbjrpoXY,,1,1,FALSE,FALSE,TRUE
29,Berbuat Baik adalah Sedekah,Terang Literasi,Edukasi,PDF,Akses Terbuka,,,"Buku Berbuat Baik adalah Sedekah adalah buku dengan kategori Edukasi. Buku ini ditulis oleh Terang Literasi. Buku ini dapat diunduh, dibaca dan didiskusikan bersama di Terang Literasi.",,2026,Terang Literasi,https://drive.google.com/uc?export=download&id=1cgkgy08XT9b3AxuTMoSnlpBtWdkG0E_9,https://drive.google.com/uc?export=download&id=1kvIKCF3jclzQbeiOe9575yzHl8pApGLq,,1,1,FALSE,FALSE,TRUE
30,Bersama Keluarga Menuju Surga,Terang Literasi,Edukasi,PDF,Akses Terbuka,,,"Buku Bersama Keluarga Menuju Surga adalah buku dengan kategori Edukasi. Buku ini ditulis oleh Terang Literasi. Buku ini dapat diunduh, dibaca dan didiskusikan bersama di Terang Literasi.",,2026,Terang Literasi,https://drive.google.com/uc?export=download&id=1phuTwZ_4SzF8sRdi--0-kF0jOdsvKOF4,https://drive.google.com/uc?export=download&id=1y1XrKd-gYQJX_D1rfH5FZ4Jva6HcmP6x,,1,1,FALSE,FALSE,TRUE
31,Berteman karena Allah,Terang Literasi,Edukasi,PDF,Akses Terbuka,,,"Buku Berteman karena Allah adalah buku dengan kategori Edukasi. Buku ini ditulis oleh Terang Literasi. Buku ini dapat diunduh, dibaca dan didiskusikan bersama di Terang Literasi.",,2026,Terang Literasi,https://drive.google.com/uc?export=download&id=1feNiHVlK4UrVEK6RMO3qZBfPhjctaKAU,https://drive.google.com/uc?export=download&id=1Gm80QNur6q97OKQhN7qZcrJMH9BjbrHu,,1,1,FALSE,FALSE,TRUE
32,Cara Mudah Menguasai Bahasa Arab Disertai kosa Kata harian Amiyah dan Fushah EBS,Terang Literasi,Edukasi,PDF,Akses Terbuka,,,"Buku Cara Mudah Menguasai Bahasa Arab Disertai kosa Kata harian Amiyah dan Fushah EBS adalah buku dengan kategori Edukasi. Buku ini ditulis oleh Terang Literasi. Buku ini dapat diunduh, dibaca dan didiskusikan bersama di Terang Literasi.",,2026,Terang Literasi,https://drive.google.com/uc?export=download&id=1UHwuEiLrYUu7j9_SXeuAMSMzW3PbQZ5o,https://drive.google.com/uc?export=download&id=1JsBgEtBsWWNbnKrcfAqUtgnil30RJBxS,,1,1,FALSE,FALSE,TRUE
33,Cinta kepada Allah,Terang Literasi,Edukasi,PDF,Akses Terbuka,,,"Buku Cinta kepada Allah adalah buku dengan kategori Edukasi. Buku ini ditulis oleh Terang Literasi. Buku ini dapat diunduh, dibaca dan didiskusikan bersama di Terang Literasi.",,2026,Terang Literasi,https://drive.google.com/uc?export=download&id=1Y2wRWz-r9FtaJCg-6kSW5Nqg7y47G06H,https://drive.google.com/uc?export=download&id=1kuwiIgaVImkneuQqTWIhEhD0NgIHUGAQ,,1,1,FALSE,FALSE,TRUE
34,Cita-cita Tertinggi Seorang Hamba,Terang Literasi,Edukasi,PDF,Akses Terbuka,,,"Buku Cita-cita Tertinggi Seorang Hamba adalah buku dengan kategori Edukasi. Buku ini ditulis oleh Terang Literasi. Buku ini dapat diunduh, dibaca dan didiskusikan bersama di Terang Literasi.",,2026,Terang Literasi,https://drive.google.com/uc?export=download&id=1gtWCJj8mGja4FPBBfHAYqyFfnxGo-n-u,https://drive.google.com/uc?export=download&id=1rEhgqUhO5s9g2MJ6k78z5BF92MqxSi7K,,1,1,FALSE,FALSE,TRUE
35,Dahsyatnya ikhlas,Terang Literasi,Edukasi,PDF,Akses Terbuka,,,"Buku Dahsyatnya ikhlas adalah buku dengan kategori Edukasi. Buku ini ditulis oleh Terang Literasi. Buku ini dapat diunduh, dibaca dan didiskusikan bersama di Terang Literasi.",,2026,Terang Literasi,https://drive.google.com/uc?export=download&id=19fS9pyJqaxFz_KT1bZfDYTw1TDdtXNeM,https://drive.google.com/uc?export=download&id=10pbDE7Ob3y_GEHMku84KQENoTZhLOZaJ,,1,1,FALSE,FALSE,TRUE
36,Kenali agamamu,Terang Literasi,Edukasi,PDF,Akses Terbuka,,,"Buku Kenali agamamu adalah buku dengan kategori Edukasi. Buku ini ditulis oleh Terang Literasi. Buku ini dapat diunduh, dibaca dan didiskusikan bersama di Terang Literasi.",,2026,Terang Literasi,https://drive.google.com/uc?export=download&id=1dR9eORD9w4o56T7CXCxgMxXpvIoWbUCM,https://drive.google.com/uc?export=download&id=1OZwn4DlpJEsHldF4rW7db6gnAcQyOumQ,,1,1,FALSE,FALSE,TRUE
37,Mensyukuri Berbagai Kenikmatan,Terang Literasi,Edukasi,PDF,Akses Terbuka,,,"Buku Mensyukuri Berbagai Kenikmatan adalah buku dengan kategori Edukasi. Buku ini ditulis oleh Terang Literasi. Buku ini dapat diunduh, dibaca dan didiskusikan bersama di Terang Literasi.",,2026,Terang Literasi,https://drive.google.com/uc?export=download&id=1Iw7DSh3-GEkDzLQEu_XiZhfkRxvAKr4s,https://drive.google.com/uc?export=download&id=1qE5lis4zpr7dru9NsiIy41yht9ksxHcP,,1,1,FALSE,FALSE,TRUE
38,Nasihat Luqman untuk Anaknya,Terang Literasi,Edukasi,PDF,Akses Terbuka,,,"Buku Nasihat Luqman untuk Anaknya adalah buku dengan kategori Edukasi. Buku ini ditulis oleh Terang Literasi. Buku ini dapat diunduh, dibaca dan didiskusikan bersama di Terang Literasi.",,2026,Terang Literasi,https://drive.google.com/uc?export=download&id=1k0-XyJyhRKdOEQF0OG-fYLgAGXNVlZuw,https://drive.google.com/uc?export=download&id=1VtAvAK8xuiCjPsxaPr6Tagq-ZgR96rZG,,1,1,FALSE,FALSE,TRUE
39,Orang islam harus kaya,Terang Literasi,Edukasi,PDF,Akses Terbuka,,,"Buku Orang islam harus kaya adalah buku dengan kategori Edukasi. Buku ini ditulis oleh Terang Literasi. Buku ini dapat diunduh, dibaca dan didiskusikan bersama di Terang Literasi.",,2026,Terang Literasi,https://drive.google.com/uc?export=download&id=17rzkfUDfP1-nOdeZoH7_XGdY0u2hg5a-,https://drive.google.com/uc?export=download&id=1Sevia2QtQRFbJoZmSrDW4jG_bixOZV8W,,1,1,FALSE,FALSE,TRUE
40,muslim mencari rezeki,Terang Literasi,Edukasi,PDF,Akses Terbuka,,,"Buku muslim mencari rezeki adalah buku dengan kategori Edukasi. Buku ini ditulis oleh Terang Literasi. Buku ini dapat diunduh, dibaca dan didiskusikan bersama di Terang Literasi.",,2026,Terang Literasi,https://drive.google.com/uc?export=download&id=1DabM5cCUyMjNGAbNSexZZTB4tMgIFyqE,https://drive.google.com/uc?export=download&id=1seVFFuExRUVQXOURsKXlWBPuPnNaY7aY,,1,1,FALSE,FALSE,TRUE
41,Perintah Shalat Ketika Isra’ Mi’raj,Terang Literasi,Edukasi,PDF,Akses Terbuka,,,"Buku Perintah Shalat Ketika Isra’ Mi’raj adalah buku dengan kategori Edukasi. Buku ini ditulis oleh Terang Literasi. Buku ini dapat diunduh, dibaca dan didiskusikan bersama di Terang Literasi.",,2026,Terang Literasi,https://drive.google.com/uc?export=download&id=1WJU6HaW4ONcggQiuZsdwD-D42SY__aWn,https://drive.google.com/uc?export=download&id=1Hw6WrEi2yRord9OG3Oadqh5tAVyLT9sf,,1,1,FALSE,FALSE,TRUE
42,Putri² rosulullah,Terang Literasi,Edukasi,PDF,Akses Terbuka,,,"Buku Putri² rosulullah adalah buku dengan kategori Edukasi. Buku ini ditulis oleh Terang Literasi. Buku ini dapat diunduh, dibaca dan didiskusikan bersama di Terang Literasi.",,2026,Terang Literasi,https://drive.google.com/uc?export=download&id=1M7bFrBCdczUCCp0K3e1bnKpV2vrCp__c,https://drive.google.com/uc?export=download&id=1SA2_3iV2ybdA0a-4-hIMSqABaqFyGrfK,,1,1,FALSE,FALSE,TRUE
43,Rasulullah Bermimpi Melihat Allah,Terang Literasi,Edukasi,PDF,Akses Terbuka,,,"Buku Rasulullah Bermimpi Melihat Allah adalah buku dengan kategori Edukasi. Buku ini ditulis oleh Terang Literasi. Buku ini dapat diunduh, dibaca dan didiskusikan bersama di Terang Literasi.",,2026,Terang Literasi,https://drive.google.com/uc?export=download&id=14-gtsamCwnJ85ifx1gr00gzHPX_QVLjA,https://drive.google.com/uc?export=download&id=1GcrWKPcAa8L33EjRedblNabWD_p9tgKs,,1,1,FALSE,FALSE,TRUE
44,Ramadhan Melatih Kesabaran,Terang Literasi,Edukasi,PDF,Akses Terbuka,,,"Buku Ramadhan Melatih Kesabaran adalah buku dengan kategori Edukasi. Buku ini ditulis oleh Terang Literasi. Buku ini dapat diunduh, dibaca dan didiskusikan bersama di Terang Literasi.",,2026,Terang Literasi,https://drive.google.com/uc?export=download&id=1t0smTuz6cS01eSvRcDPDgHoNF-qZmTV6,https://drive.google.com/uc?export=download&id=1zmqHfcutEHeAuhN8TCpEKKGG6xS0mYhA,,1,1,FALSE,FALSE,TRUE
45,Suara Sandal Bilal,Terang Literasi,Edukasi,PDF,Akses Terbuka,,,"Buku Suara Sandal Bilal adalah buku dengan kategori Edukasi. Buku ini ditulis oleh Terang Literasi. Buku ini dapat diunduh, dibaca dan didiskusikan bersama di Terang Literasi.",,2026,Terang Literasi,https://drive.google.com/uc?export=download&id=1E_mPoULLwQnzgBeDd8yGPtiMaDFMQGur,https://drive.google.com/uc?export=download&id=1vcdxT11ePC-usiljCEaXY7vfdKQZs-fI,,1,1,FALSE,FALSE,TRUE
46,Tunaikan Hak Para Sahabat,Terang Literasi,Edukasi,PDF,Akses Terbuka,,,"Buku Tunaikan Hak Para Sahabat adalah buku dengan kategori Edukasi. Buku ini ditulis oleh Terang Literasi. Buku ini dapat diunduh, dibaca dan didiskusikan bersama di Terang Literasi.",,2026,Terang Literasi,https://drive.google.com/uc?export=download&id=14OD4KGiBEqFO8TtTDMowG015Ffd_6aSD,https://drive.google.com/uc?export=download&id=1MlBsW0ef72fgKyUT_dlj0vzsUsvtprwc,,1,1,FALSE,FALSE,TRUE
47,Cara Mudah Memikat Hati Orang Lain - Dwi Suwiknyo,Terang Literasi,Fiksi & Populer,PDF,Akses Terbuka,,,"Buku Cara Mudah Memikat Hati Orang Lain - Dwi Suwiknyo adalah buku dengan kategori Fiksi & Populer. Buku ini ditulis oleh Terang Literasi. Buku ini dapat diunduh, dibaca dan didiskusikan bersama di Terang Literasi.",,2026,Terang Literasi,https://drive.google.com/uc?export=download&id=1EQ29AbySi9e7f1Xe-xwXEfPzf9vkWCgk,https://drive.google.com/uc?export=download&id=1llQUpn-nr-wREY5VGSs1c8EOwPYs8YF2,,1,1,FALSE,FALSE,TRUE
48,Cinta Nabi Muhammad SAW dan Tanda Tandanya Prof Dr Fadhi Ilahi,Terang Literasi,Edukasi,PDF,Akses Terbuka,,,"Buku Cinta Nabi Muhammad SAW dan Tanda Tandanya Prof Dr Fadhi Ilahi adalah buku dengan kategori Edukasi. Buku ini ditulis oleh Terang Literasi. Buku ini dapat diunduh, dibaca dan didiskusikan bersama di Terang Literasi.",,2026,Terang Literasi,https://drive.google.com/uc?export=download&id=1KdwY0T0of49iYRumqoArNBZltsclekgt,https://drive.google.com/uc?export=download&id=1T4YXDeKDwyZOl5Bmr0tavTZEo10P3RwA,,1,1,FALSE,FALSE,TRUE
49,Merdeka Sejak Hati - Ahmad Fuadi,Terang Literasi,Fiksi & Populer,PDF,Akses Terbuka,,,"Buku Merdeka Sejak Hati - Ahmad Fuadi adalah buku dengan kategori Fiksi & Populer. Buku ini ditulis oleh Terang Literasi. Buku ini dapat diunduh, dibaca dan didiskusikan bersama di Terang Literasi.",,2026,Terang Literasi,https://drive.google.com/uc?export=download&id=1DpQhIHtBntyISagvQSkSgPxzODuS6t7c,https://drive.google.com/uc?export=download&id=1jQQd5P-NMoSCAeIKd7s4S91lPGHGevdy,,1,1,FALSE,FALSE,TRUE
50,Kumpulan Kultum Terlengkap Sepanjang Tahun Jilid 2 Moh Abdul Kholiq,Terang Literasi,Edukasi,PDF,Akses Terbuka,,,"Buku Kumpulan Kultum Terlengkap Sepanjang Tahun Jilid 2 Moh Abdul Kholiq adalah buku dengan kategori Edukasi. Buku ini ditulis oleh Terang Literasi. Buku ini dapat diunduh, dibaca dan didiskusikan bersama di Terang Literasi.",,2026,Terang Literasi,https://drive.google.com/uc?export=download&id=1lm6lIAkn0BlR4-nO26X9jp2dBhFEOf2t,https://drive.google.com/uc?export=download&id=1AP8Q3A8yY_Mlcgckvi0fbXlvO_BfwWIG,,1,1,FALSE,FALSE,TRUE
51,Segala Sesuatu yang Perlu Anda Ketahui Tentang Filsafat Peter Gibson,Terang Literasi,Fiksi & Populer,PDF,Akses Terbuka,,,"Buku Segala Sesuatu yang Perlu Anda Ketahui Tentang Filsafat Peter Gibson adalah buku dengan kategori Fiksi & Populer. Buku ini ditulis oleh Terang Literasi. Buku ini dapat diunduh, dibaca dan didiskusikan bersama di Terang Literasi.",,2026,Terang Literasi,https://drive.google.com/uc?export=download&id=1AUuaZjjg9nQn-MC68oKfBURJp4-J3Rrd,https://drive.google.com/uc?export=download&id=1cyb_XY9fVB33ZyyJRih0tmt-M-mz4J6B,,1,1,FALSE,FALSE,TRUE
52,15 Faedah Menyambut Bulan Ramadhan Syaikh Muhammad Salih Al Munajjid,Terang Literasi,Edukasi,PDF,Akses Terbuka,,,"Buku 15 Faedah Menyambut Bulan Ramadhan Syaikh Muhammad Salih Al Munajjid adalah buku dengan kategori Edukasi. Buku ini ditulis oleh Terang Literasi. Buku ini dapat diunduh, dibaca dan didiskusikan bersama di Terang Literasi.",,2026,Terang Literasi,https://drive.google.com/uc?export=download&id=111-q31KqHhj5zpSqfkE90p1rzrRJ3lmG,https://drive.google.com/uc?export=download&id=1UcrsKDwy9CV2d4xBM8taSD8UETzze03g,,1,1,FALSE,FALSE,TRUE
53,Kumpulan Dongeng Klasik Aneka Kisah Memikat Dari Seluruh Dunia,Terang Literasi,Edukasi,PDF,Akses Terbuka,,,"Buku Kumpulan Dongeng Klasik Aneka Kisah Memikat Dari Seluruh Dunia adalah buku dengan kategori Edukasi. Buku ini ditulis oleh Terang Literasi. Buku ini dapat diunduh, dibaca dan didiskusikan bersama di Terang Literasi.",,2026,Terang Literasi,https://drive.google.com/uc?export=download&id=1LISkX7iVz5RofhNp93oxQXUQ7f1n7gVJ,https://drive.google.com/uc?export=download&id=1K1xiPocICiedIIx9INnV2DsWojV5WvES,,1,1,FALSE,FALSE,TRUE
54,Jangan Pusingkan Omongan Orang - Fitri Handayani,Terang Literasi,Edukasi,PDF,Akses Terbuka,,,"Buku Jangan Pusingkan Omongan Orang - Fitri Handayani adalah buku dengan kategori Edukasi. Buku ini ditulis oleh Terang Literasi. Buku ini dapat diunduh, dibaca dan didiskusikan bersama di Terang Literasi.",,2026,Terang Literasi,https://drive.google.com/uc?export=download&id=1k5LZQ_-x_RsuriSpcup__vb-QME-R9Bx,https://drive.google.com/uc?export=download&id=1Ql4TW7ru8hNe_OXViDEweWWdpFgOz6KD,,1,1,FALSE,FALSE,TRUE
55,Kumpulan Khutbah Sholat Jumat dan Ied Majelis Ulama Indonesia,Terang Literasi,Edukasi,PDF,Akses Terbuka,,,"Buku Kumpulan Khutbah Sholat Jumat dan Ied Majelis Ulama Indonesia adalah buku dengan kategori Edukasi. Buku ini ditulis oleh Terang Literasi. Buku ini dapat diunduh, dibaca dan didiskusikan bersama di Terang Literasi.",,2026,Terang Literasi,https://drive.google.com/uc?export=download&id=1FbTRO2HLerUUEilK1SrQZAWgk7wqA5eS,https://drive.google.com/uc?export=download&id=17N8PTB4O_S18RDi6UbcrSN1Q5tR4H5xf,,1,1,FALSE,FALSE,TRUE
56,Majalah Alwaie - Edisi Ramadhan Bulan Alquran,Terang Literasi,Edukasi,PDF,Akses Terbuka,,,"Buku Majalah Alwaie - Edisi Ramadhan Bulan Alquran adalah buku dengan kategori Edukasi. Buku ini ditulis oleh Terang Literasi. Buku ini dapat diunduh, dibaca dan didiskusikan bersama di Terang Literasi.",,2026,Terang Literasi,https://drive.google.com/uc?export=download&id=1o5gCm7JkD-JeMVNVVAySoxZ9IBfDMunX,https://drive.google.com/uc?export=download&id=1WAVHVTNxaMEXA4Y3BJsCfTgwc66SmhrT,,1,1,FALSE,FALSE,TRUE
57,Panduan Lengkap Puasa Ramadhan Menurut Alquran dan Sunnah Yusuf,Terang Literasi,Edukasi,PDF,Akses Terbuka,,,"Buku Panduan Lengkap Puasa Ramadhan Menurut Alquran dan Sunnah Yusuf adalah buku dengan kategori Edukasi. Buku ini ditulis oleh Terang Literasi. Buku ini dapat diunduh, dibaca dan didiskusikan bersama di Terang Literasi.",,2026,Terang Literasi,https://drive.google.com/uc?export=download&id=1ZVxSPiTpppcoJTwLSd6sWR0hpzqBevyJ,https://drive.google.com/uc?export=download&id=1RE0vn4JvRRueiU7MsG83uVudxh735Wb3,,1,1,FALSE,FALSE,TRUE
58,Kisah-Kisah Alquran Prof. Dr. Mahmud Al Dausary,Terang Literasi,Edukasi,PDF,Akses Terbuka,,,"Buku Kisah-Kisah Alquran Prof. Dr. Mahmud Al Dausary adalah buku dengan kategori Edukasi. Buku ini ditulis oleh Terang Literasi. Buku ini dapat diunduh, dibaca dan didiskusikan bersama di Terang Literasi.",,2026,Terang Literasi,https://drive.google.com/uc?export=download&id=16_dQ9VLnhEUvZ74WM0owGHpjvTyNB3bv,https://drive.google.com/uc?export=download&id=1xPEcDT-TX_84iHJ3TyOHsbAaAuB0kQCY,,1,1,FALSE,FALSE,TRUE
59,Ramadhan Sempurna! - Abdul Hafiz Romain Arif,Terang Literasi,Edukasi,PDF,Akses Terbuka,,,"Buku Ramadhan Sempurna! - Abdul Hafiz Romain Arif adalah buku dengan kategori Edukasi. Buku ini ditulis oleh Terang Literasi. Buku ini dapat diunduh, dibaca dan didiskusikan bersama di Terang Literasi.",,2026,Terang Literasi,https://drive.google.com/uc?export=download&id=1HYeEGOBBXgXsGPaF9vLXrC35lKWlTTJP,https://drive.google.com/uc?export=download&id=1GsX3qLdRSg27xa8LZn6JAu9p2IIOBHQ5,,1,1,FALSE,FALSE,TRUE
60,Ramadhan Mubarak Panduan Ibadah Ramadhan Penuh Berkah Wahdah Islamiyah,Terang Literasi,Edukasi,PDF,Akses Terbuka,,,"Buku Ramadhan Mubarak Panduan Ibadah Ramadhan Penuh Berkah Wahdah Islamiyah adalah buku dengan kategori Edukasi. Buku ini ditulis oleh Terang Literasi. Buku ini dapat diunduh, dibaca dan didiskusikan bersama di Terang Literasi.",,2026,Terang Literasi,https://drive.google.com/uc?export=download&id=1-mn-D9YHt-ZhDkGBheCAvuB-kny7cST-,https://drive.google.com/uc?export=download&id=1j53OHoG7w8KxYzCCLH-fZOpxhnB11Z3c,,1,1,FALSE,FALSE,TRUE
61,Tokoh Nyata yang Menginspirasi One Piece dan Berhubungan dengan islam,Terang Literasi,Edukasi,PDF,Akses Terbuka,,,"Buku Tokoh Nyata yang Menginspirasi One Piece dan Berhubungan dengan islam adalah buku dengan kategori Edukasi. Buku ini ditulis oleh Terang Literasi. Buku ini dapat diunduh, dibaca dan didiskusikan bersama di Terang Literasi.",,2026,Terang Literasi,https://drive.google.com/uc?export=download&id=1Cyow4Rp1_qNQhImnwPPA9SofIxuEvZxd,https://drive.google.com/uc?export=download&id=17TWRNlp94KZPny9r2xUF9MzqxAA8n0Y6,,1,1,FALSE,FALSE,TRUE
62,Rumah Tangga Nabi Muhammad SAW - Al Hamid Al Husaini,Terang Literasi,Edukasi,PDF,Akses Terbuka,,,"Buku Rumah Tangga Nabi Muhammad SAW - Al Hamid Al Husaini adalah buku dengan kategori Edukasi. Buku ini ditulis oleh Terang Literasi. Buku ini dapat diunduh, dibaca dan didiskusikan bersama di Terang Literasi.",,2026,Terang Literasi,https://drive.google.com/uc?export=download&id=1iSyXLH6FNs-p8_XXUsxenlBmqar46lMT,https://drive.google.com/uc?export=download&id=1r1WQTONjsTEcdB5wCd855q8ZBwPYhISc,,1,1,FALSE,FALSE,TRUE
63,Naskah Akademik Pembelajaran Mendalam - Kemdikdasmen RI,Terang Literasi,Fiksi & Populer,PDF,Akses Terbuka,,,"Buku Naskah Akademik Pembelajaran Mendalam - Kemdikdasmen RI adalah buku dengan kategori Fiksi & Populer. Buku ini ditulis oleh Terang Literasi. Buku ini dapat diunduh, dibaca dan didiskusikan bersama di Terang Literasi.",,2026,Terang Literasi,https://drive.google.com/uc?export=download&id=1yXXQmc5pM9ROE50IFuj6xNkJejkvHNkP,https://drive.google.com/uc?export=download&id=1zRbvYDP8wIOqPHE7s6AyWh6Tqt_5Mxsy,,1,1,FALSE,FALSE,TRUE
64,Bicara Hati Heart Talk Kearifan Puitis Untuk Kehidupan Cleo Wade,Terang Literasi,Fiksi & Populer,PDF,Akses Terbuka,,,"Buku Bicara Hati Heart Talk Kearifan Puitis Untuk Kehidupan Cleo Wade adalah buku dengan kategori Fiksi & Populer. Buku ini ditulis oleh Terang Literasi. Buku ini dapat diunduh, dibaca dan didiskusikan bersama di Terang Literasi.",,2026,Terang Literasi,https://drive.google.com/uc?export=download&id=1_VWQPcyIdKlcRLKsMWHN6tfj00Fk6TLP,https://drive.google.com/uc?export=download&id=198GdsByVQa3jMLq-PInKOssDlYvwmIx1,,1,1,FALSE,FALSE,TRUE
65,Jangan Sampai Ada Dan Tiadamu Di Dunia Ini Tak Ada Bedanya Ahmad,Terang Literasi,Edukasi,PDF,Akses Terbuka,,,"Buku Jangan Sampai Ada Dan Tiadamu Di Dunia Ini Tak Ada Bedanya Ahmad adalah buku dengan kategori Edukasi. Buku ini ditulis oleh Terang Literasi. Buku ini dapat diunduh, dibaca dan didiskusikan bersama di Terang Literasi.",,2026,Terang Literasi,https://drive.google.com/uc?export=download&id=1xQy4QVJ2LYO0kRzgxjmA7o8lOH_jQOZr,https://drive.google.com/uc?export=download&id=1o5KWHYhDaKt-0x30UaGft8gP3Xg1ieyG,,1,1,FALSE,FALSE,TRUE
66,Sejarah Pemikiran Ekonomi Islam - Andi Triyawan,Terang Literasi,Fiksi & Populer,PDF,Akses Terbuka,,,"Buku Sejarah Pemikiran Ekonomi Islam - Andi Triyawan adalah buku dengan kategori Fiksi & Populer. Buku ini ditulis oleh Terang Literasi. Buku ini dapat diunduh, dibaca dan didiskusikan bersama di Terang Literasi.",,2026,Terang Literasi,https://drive.google.com/uc?export=download&id=1yP0Pm7OK2Zm1RdYxg1uSKXpCM-GYo_Fy,https://drive.google.com/uc?export=download&id=1crj6FCQGqxftWJlEV7ClD0Vx7E6EjZNG,,1,1,FALSE,FALSE,TRUE
67,Materi Ceramah Ramadhan Forum Dakwah dan Tarbiyah Islamiyah,Terang Literasi,Edukasi,PDF,Akses Terbuka,,,"Buku Materi Ceramah Ramadhan Forum Dakwah dan Tarbiyah Islamiyah adalah buku dengan kategori Edukasi. Buku ini ditulis oleh Terang Literasi. Buku ini dapat diunduh, dibaca dan didiskusikan bersama di Terang Literasi.",,2026,Terang Literasi,https://drive.google.com/uc?export=download&id=1fdMnHW9sWU7Wrz1O37iMfkiiRNN9ec91,https://drive.google.com/uc?export=download&id=15cc2bIJGaZ1Ny7NtJoY4LaaG7i5mZjR_,,1,1,FALSE,FALSE,TRUE
68,Risalah_Ahlus_Sunnah_Wal_Jamaah_Hadratus_Syaikh_Hasyim_Asyari,Terang Literasi,Edukasi,PDF,Akses Terbuka,,,"Buku Risalah_Ahlus_Sunnah_Wal_Jamaah_Hadratus_Syaikh_Hasyim_Asyari adalah buku dengan kategori Edukasi. Buku ini ditulis oleh Terang Literasi. Buku ini dapat diunduh, dibaca dan didiskusikan bersama di Terang Literasi.",,2026,Terang Literasi,https://drive.google.com/uc?export=download&id=1dZSSMUA5G6pjb4HDRnjwPfVxevXGeuEZ,https://drive.google.com/uc?export=download&id=1J6cPaGFW0jci8SQHZkHe6pXJBAqVOy9u,,1,1,FALSE,FALSE,TRUE
69,Fikih Sehari-Hari - Ustadz Ahmad Sarwat Lc,Terang Literasi,Edukasi,PDF,Akses Terbuka,,,"Buku Fikih Sehari-Hari - Ustadz Ahmad Sarwat Lc adalah buku dengan kategori Edukasi. Buku ini ditulis oleh Terang Literasi. Buku ini dapat diunduh, dibaca dan didiskusikan bersama di Terang Literasi.",,2026,Terang Literasi,https://drive.google.com/uc?export=download&id=1RlsECRrQxTxWoUGjmlvdK1MES9rn_L4R,https://drive.google.com/uc?export=download&id=1zLoAvrbdD-i6KceBPYF9DBJ8b-AA0pvu,,1,1,FALSE,FALSE,TRUE
70,Fiqih Puasa Dalam Madzhab Syafii - Abu Syuja Al Ashfahani,Terang Literasi,Edukasi,PDF,Akses Terbuka,,,"Buku Fiqih Puasa Dalam Madzhab Syafii - Abu Syuja Al Ashfahani adalah buku dengan kategori Edukasi. Buku ini ditulis oleh Terang Literasi. Buku ini dapat diunduh, dibaca dan didiskusikan bersama di Terang Literasi.",,2026,Terang Literasi,https://drive.google.com/uc?export=download&id=1hMSqP5Er4xIEx1Ahgo9Uz67eRPTD72y6,https://drive.google.com/uc?export=download&id=1O4cqyuxv7oMOfiUYITDSMlVxCHJS_FCB,,1,1,FALSE,FALSE,TRUE
71,Keutamaan Malam Nishfu Sya_ban - Hanif Luthfi,Terang Literasi,Edukasi,PDF,Akses Terbuka,,,"Buku Keutamaan Malam Nishfu Sya_ban - Hanif Luthfi adalah buku dengan kategori Edukasi. Buku ini ditulis oleh Terang Literasi. Buku ini dapat diunduh, dibaca dan didiskusikan bersama di Terang Literasi.",,2026,Terang Literasi,https://drive.google.com/uc?export=download&id=12XRxSY8IwUtZVE20-FiHKjJIs6Mn1vlH,https://drive.google.com/uc?export=download&id=1N2MQPWVHIeLDpYgTarFzLaH3NdnRS5Nw,,1,1,FALSE,FALSE,TRUE
72,Fikih Makanan dan Minuman Kontemporer - Agus Hermanto,Terang Literasi,Edukasi,PDF,Akses Terbuka,,,"Buku Fikih Makanan dan Minuman Kontemporer - Agus Hermanto adalah buku dengan kategori Edukasi. Buku ini ditulis oleh Terang Literasi. Buku ini dapat diunduh, dibaca dan didiskusikan bersama di Terang Literasi.",,2026,Terang Literasi,https://drive.google.com/uc?export=download&id=1ixhcMBkhwR6WCBG2px5R5qMRXDJSmZKb,https://drive.google.com/uc?export=download&id=1Totkewk0His7d93eIZqHMvGlPP3QTUBF,,1,1,FALSE,FALSE,TRUE
73,101 Riwayat Tentang Adab Menuntut Ilmu - Muhammad Rezki,Terang Literasi,Edukasi,PDF,Akses Terbuka,,,"Buku 101 Riwayat Tentang Adab Menuntut Ilmu - Muhammad Rezki adalah buku dengan kategori Edukasi. Buku ini ditulis oleh Terang Literasi. Buku ini dapat diunduh, dibaca dan didiskusikan bersama di Terang Literasi.",,2026,Terang Literasi,https://drive.google.com/uc?export=download&id=1FQhNQAqytGIL23U3lkbJ3bcAbCz8-4Zy,https://drive.google.com/uc?export=download&id=184k2euxjF9FLEVm6bDEOjQp_vvXseOCS,,1,1,FALSE,FALSE,TRUE
74,Berteman karena Allah - Cerita Muslim Indonesia,Terang Literasi,Edukasi,PDF,Akses Terbuka,,,"Buku Berteman karena Allah - Cerita Muslim Indonesia adalah buku dengan kategori Edukasi. Buku ini ditulis oleh Terang Literasi. Buku ini dapat diunduh, dibaca dan didiskusikan bersama di Terang Literasi.",,2026,Terang Literasi,https://drive.google.com/uc?export=download&id=1uzW2E6Ah99xU-ZIiAYHyiPomkuSMfl3_,https://drive.google.com/uc?export=download&id=1PghRUFElhLOE8b7IubYOgveulD6Hd-7d,,1,1,FALSE,FALSE,TRUE
75,Buku Panduan Ibadah Ramadhan - Annisa Nurul Hasanah,Terang Literasi,Edukasi,PDF,Akses Terbuka,,,"Buku Buku Panduan Ibadah Ramadhan - Annisa Nurul Hasanah adalah buku dengan kategori Edukasi. Buku ini ditulis oleh Terang Literasi. Buku ini dapat diunduh, dibaca dan didiskusikan bersama di Terang Literasi.",,2026,Terang Literasi,https://drive.google.com/uc?export=download&id=1zunMbAYxkfUp0rJgfo2c_-oyPJ8jTM6u,https://drive.google.com/uc?export=download&id=18JAE9-CaPfgC271E6EE3s4pm-RmexDox,,1,1,FALSE,FALSE,TRUE
76,Dzikir Pagi - Pustaka Alquran Indonesia,Terang Literasi,Edukasi,PDF,Akses Terbuka,,,"Buku Dzikir Pagi - Pustaka Alquran Indonesia adalah buku dengan kategori Edukasi. Buku ini ditulis oleh Terang Literasi. Buku ini dapat diunduh, dibaca dan didiskusikan bersama di Terang Literasi.",,2026,Terang Literasi,https://drive.google.com/uc?export=download&id=17KpbWG83-Mbjs-CL2j1hfHktfB4eYgW7,https://drive.google.com/uc?export=download&id=17B0jBymxAfXUgTje9rvzQVuSzbJuvYr_,,1,1,FALSE,FALSE,TRUE
77,Dzikir Petang - Pustaka Alquran Indonesia,Terang Literasi,Edukasi,PDF,Akses Terbuka,,,"Buku Dzikir Petang - Pustaka Alquran Indonesia adalah buku dengan kategori Edukasi. Buku ini ditulis oleh Terang Literasi. Buku ini dapat diunduh, dibaca dan didiskusikan bersama di Terang Literasi.",,2026,Terang Literasi,https://drive.google.com/uc?export=download&id=19D_qqQE8SS2yF4bY4Bdu56cyQLduTt1B,https://drive.google.com/uc?export=download&id=1zZiR0dsuZWtfFrgxt6mwNOIgIwvxz7j6,,1,1,FALSE,FALSE,TRUE
78,Seni Kebiasaan Membangun Jalan Sukses Anda - Novia Dewi,Terang Literasi,Fiksi & Populer,PDF,Akses Terbuka,,,"Buku Seni Kebiasaan Membangun Jalan Sukses Anda - Novia Dewi adalah buku dengan kategori Fiksi & Populer. Buku ini ditulis oleh Terang Literasi. Buku ini dapat diunduh, dibaca dan didiskusikan bersama di Terang Literasi.",,2026,Terang Literasi,https://drive.google.com/uc?export=download&id=1XN2idfI_j5nj8Yc8suw0JEkTxfWAI833,https://drive.google.com/uc?export=download&id=1Ou9p5ibLNXfq6oPK0q9ZZGjH15vWtEaJ,,1,1,FALSE,FALSE,TRUE
79,Aku Kartini,Terang Literasi,Edukasi,PDF,Akses Terbuka,,,"Buku Aku Kartini adalah buku dengan kategori Edukasi. Buku ini ditulis oleh Terang Literasi. Buku ini dapat diunduh, dibaca dan didiskusikan bersama di Terang Literasi.",,2026,Terang Literasi,https://drive.google.com/uc?export=download&id=1SW7WLH2CpCJczRdutQTu807iefHJFhFh,https://drive.google.com/uc?export=download&id=1RkSxgfmoUOB01VnjsxGuudqR200WAmtM,,1,1,FALSE,FALSE,TRUE
80,Berani Jujur Yuk!,Terang Literasi,Edukasi,PDF,Akses Terbuka,,,"Buku Berani Jujur Yuk! adalah buku dengan kategori Edukasi. Buku ini ditulis oleh Terang Literasi. Buku ini dapat diunduh, dibaca dan didiskusikan bersama di Terang Literasi.",,2026,Terang Literasi,https://drive.google.com/uc?export=download&id=1kYk2gk_xRBffNYRXKHGwMzM_tDWjDOcv,https://drive.google.com/uc?export=download&id=1LWTNeuesBtQV_CneFyH4KkhKrAewz42G,,1,1,FALSE,FALSE,TRUE
81,Dari Berburu ke Internet Lompatan Budaya Masyarakat Alor,Terang Literasi,Fiksi & Populer,PDF,Akses Terbuka,,,"Buku Dari Berburu ke Internet Lompatan Budaya Masyarakat Alor adalah buku dengan kategori Fiksi & Populer. Buku ini ditulis oleh Terang Literasi. Buku ini dapat diunduh, dibaca dan didiskusikan bersama di Terang Literasi.",,2026,Terang Literasi,https://drive.google.com/uc?export=download&id=1sqxUplNNd62BV_aJyKL3iPk0p21ePWlE,https://drive.google.com/uc?export=download&id=1OPoN3NuX8G4iP2DW-wluvRzOY2VEZgQ4,,1,1,FALSE,FALSE,TRUE
82,Dolanan Kekeyan (Bermain Gasing),Terang Literasi,Edukasi,PDF,Akses Terbuka,,,"Buku Dolanan Kekeyan (Bermain Gasing) adalah buku dengan kategori Edukasi. Buku ini ditulis oleh Terang Literasi. Buku ini dapat diunduh, dibaca dan didiskusikan bersama di Terang Literasi.",,2026,Terang Literasi,https://drive.google.com/uc?export=download&id=1Y66mKHw-cTi5e66nd65fLwI39tTJA9Mt,https://drive.google.com/uc?export=download&id=1b6l8TFm5X6k4xwMHTWEAbe89_4fSBgb2,,1,1,FALSE,FALSE,TRUE
83,Gagak Berisik,Terang Literasi,Edukasi,PDF,Akses Terbuka,,,"Buku Gagak Berisik adalah buku dengan kategori Edukasi. Buku ini ditulis oleh Terang Literasi. Buku ini dapat diunduh, dibaca dan didiskusikan bersama di Terang Literasi.",,2026,Terang Literasi,https://drive.google.com/uc?export=download&id=1HGCyeF52_nxCfJbJfoJp-XFsM7r4gS8g,https://drive.google.com/uc?export=download&id=15ktc4DqbU2DGK-dPS7rKm0grWVRuhypg,,1,1,FALSE,FALSE,TRUE
84,Jas Hujan Merah,Terang Literasi,Edukasi,PDF,Akses Terbuka,,,"Buku Jas Hujan Merah adalah buku dengan kategori Edukasi. Buku ini ditulis oleh Terang Literasi. Buku ini dapat diunduh, dibaca dan didiskusikan bersama di Terang Literasi.",,2026,Terang Literasi,https://drive.google.com/uc?export=download&id=1a_DqrMB3lYHWUXwEGLKusIIqHAAuUYqH,https://drive.google.com/uc?export=download&id=1O6TuxD04iHC3-FzL_Cg6rh7aw9_O0ZsN,,1,1,FALSE,FALSE,TRUE
85,Kolam Ikan Milik Kakek,Terang Literasi,Edukasi,PDF,Akses Terbuka,,,"Buku Kolam Ikan Milik Kakek adalah buku dengan kategori Edukasi. Buku ini ditulis oleh Terang Literasi. Buku ini dapat diunduh, dibaca dan didiskusikan bersama di Terang Literasi.",,2026,Terang Literasi,https://drive.google.com/uc?export=download&id=1YpHjl4lBubwVOpKlmTm4k0GNSTeZoS2i,https://drive.google.com/uc?export=download&id=1-g93diITOpTUdf5W4hp6fYQ1w7ICmc3f,,1,1,FALSE,FALSE,TRUE
86,Mala si Penari Barongsai Merah,Terang Literasi,Edukasi,PDF,Akses Terbuka,,,"Buku Mala si Penari Barongsai Merah adalah buku dengan kategori Edukasi. Buku ini ditulis oleh Terang Literasi. Buku ini dapat diunduh, dibaca dan didiskusikan bersama di Terang Literasi.",,2026,Terang Literasi,https://drive.google.com/uc?export=download&id=1gsiD8UIU-Ys0SBtAEMAl4-XIEP21N_yH,https://drive.google.com/uc?export=download&id=1WCjeEfjp2-mGJ6RbMzzArHQb64kJkyeA,,1,1,FALSE,FALSE,TRUE
87,Masih ada Bintang di Halmahera,Terang Literasi,Edukasi,PDF,Akses Terbuka,,,"Buku Masih ada Bintang di Halmahera adalah buku dengan kategori Edukasi. Buku ini ditulis oleh Terang Literasi. Buku ini dapat diunduh, dibaca dan didiskusikan bersama di Terang Literasi.",,2026,Terang Literasi,https://drive.google.com/uc?export=download&id=1GoHoo5-BIEHzYeo2jLVxqtowYU1V_VsN,https://drive.google.com/uc?export=download&id=1UmUaBjfDbyWFzpWKnrAN6dCmU1-5RSHe,,1,1,FALSE,FALSE,TRUE
88,Mengenal Media Sosial Agar Tak Menyesal,Terang Literasi,Fiksi & Populer,PDF,Akses Terbuka,,,"Buku Mengenal Media Sosial Agar Tak Menyesal adalah buku dengan kategori Fiksi & Populer. Buku ini ditulis oleh Terang Literasi. Buku ini dapat diunduh, dibaca dan didiskusikan bersama di Terang Literasi.",,2026,Terang Literasi,https://drive.google.com/uc?export=download&id=17iyzgfywHw_2PTp4BdD9OFM0b0Dw4qef,https://drive.google.com/uc?export=download&id=1kyDAsiShQ3y86DFdpENNGHwDcHCseW_h,,1,1,FALSE,FALSE,TRUE
89,Modul Integritas SMP SMA,Terang Literasi,Fiksi & Populer,PDF,Akses Terbuka,,,"Buku Modul Integritas SMP SMA adalah buku dengan kategori Fiksi & Populer. Buku ini ditulis oleh Terang Literasi. Buku ini dapat diunduh, dibaca dan didiskusikan bersama di Terang Literasi.",,2026,Terang Literasi,https://drive.google.com/uc?export=download&id=1Sn2g2nSJcR_qnlnUkqu9PrIyTPaJz7cm,https://drive.google.com/uc?export=download&id=1S2rutR4Uyhh-nNzUyuGu9qsCuj-CSyVN,,1,1,FALSE,FALSE,TRUE
90,Monster Apa Itu_,Terang Literasi,Edukasi,PDF,Akses Terbuka,,,"Buku Monster Apa Itu_ adalah buku dengan kategori Edukasi. Buku ini ditulis oleh Terang Literasi. Buku ini dapat diunduh, dibaca dan didiskusikan bersama di Terang Literasi.",,2026,Terang Literasi,https://drive.google.com/uc?export=download&id=1jcLypJZNq8TCdknbH-7qRd7e8MkDva15,https://drive.google.com/uc?export=download&id=13GNtZ2ln3VfqFUfqjCLHDxI13TEYXIOE,,1,1,FALSE,FALSE,TRUE
91,Nenek Lintang dan Buku-Bukunya,Terang Literasi,Edukasi,PDF,Akses Terbuka,,,"Buku Nenek Lintang dan Buku-Bukunya adalah buku dengan kategori Edukasi. Buku ini ditulis oleh Terang Literasi. Buku ini dapat diunduh, dibaca dan didiskusikan bersama di Terang Literasi.",,2026,Terang Literasi,https://drive.google.com/uc?export=download&id=1TMgxcL3N0hysbclxeFQbNeT8pzvA7_zV,https://drive.google.com/uc?export=download&id=1ulds3TenTLBlemmVr2GQEpkC3hTOORsp,,1,1,FALSE,FALSE,TRUE
92,Orange Juice Belajar Integritas kepada Tokoh Bangsa,Terang Literasi,Fiksi & Populer,PDF,Akses Terbuka,,,"Buku Orange Juice Belajar Integritas kepada Tokoh Bangsa adalah buku dengan kategori Fiksi & Populer. Buku ini ditulis oleh Terang Literasi. Buku ini dapat diunduh, dibaca dan didiskusikan bersama di Terang Literasi.",,2026,Terang Literasi,https://drive.google.com/uc?export=download&id=1TzoiRVPpTar4RCDiNklTWGi0CKjFnUka,https://drive.google.com/uc?export=download&id=12sM2EA8imjVZjCcOwZowjXI_TOn8X2DV,,1,1,FALSE,FALSE,TRUE
93,Pensil Warna,Terang Literasi,Edukasi,PDF,Akses Terbuka,,,"Buku Pensil Warna adalah buku dengan kategori Edukasi. Buku ini ditulis oleh Terang Literasi. Buku ini dapat diunduh, dibaca dan didiskusikan bersama di Terang Literasi.",,2026,Terang Literasi,https://drive.google.com/uc?export=download&id=1bij56X6NsEzS0idh4JkBh4RgVMrA9Ly7,https://drive.google.com/uc?export=download&id=1SXGvu6HHBTYuKyjnNJ2ybSrRUHXVAPuV,,1,1,FALSE,FALSE,TRUE
94,Perjalanan untuk Bangsa,Terang Literasi,Fiksi & Populer,PDF,Akses Terbuka,,,"Buku Perjalanan untuk Bangsa adalah buku dengan kategori Fiksi & Populer. Buku ini ditulis oleh Terang Literasi. Buku ini dapat diunduh, dibaca dan didiskusikan bersama di Terang Literasi.",,2026,Terang Literasi,https://drive.google.com/uc?export=download&id=1AJvPQSz7vmJweNJubhLTE968fobzOgbo,https://drive.google.com/uc?export=download&id=1J7mUYncYzWb9_q_yESygg1iZLfGSYqti,,1,1,FALSE,FALSE,TRUE
95,"Remaja, Literasi, dan Penguatan Pendidikan Karakter",Terang Literasi,Edukasi,PDF,Akses Terbuka,,,"Buku Remaja, Literasi, dan Penguatan Pendidikan Karakter adalah buku dengan kategori Edukasi. Buku ini ditulis oleh Terang Literasi. Buku ini dapat diunduh, dibaca dan didiskusikan bersama di Terang Literasi.",,2026,Terang Literasi,https://drive.google.com/uc?export=download&id=19FoN-98a-wt3ZRKxSIhUxErMJq7sqSnl,https://drive.google.com/uc?export=download&id=1WAmOL307KsEYBX6HhaeLHhjneQVVPMQX,,1,1,FALSE,FALSE,TRUE
96,Sang Dokter,Terang Literasi,Edukasi,PDF,Akses Terbuka,,,"Buku Sang Dokter adalah buku dengan kategori Edukasi. Buku ini ditulis oleh Terang Literasi. Buku ini dapat diunduh, dibaca dan didiskusikan bersama di Terang Literasi.",,2026,Terang Literasi,https://drive.google.com/uc?export=download&id=1vcWskkBu59eixqLfVOoLeGKDueJtWb49,https://drive.google.com/uc?export=download&id=1YTDHjcInaP973EypXhcFSyjXZydsOPqa,,1,1,FALSE,FALSE,TRUE
97,Sang Pemanah,Terang Literasi,Edukasi,PDF,Akses Terbuka,,,"Buku Sang Pemanah adalah buku dengan kategori Edukasi. Buku ini ditulis oleh Terang Literasi. Buku ini dapat diunduh, dibaca dan didiskusikan bersama di Terang Literasi.",,2026,Terang Literasi,https://drive.google.com/uc?export=download&id=1N46ZcuJApBdN9reeGzGRHnyO4tEWWyAB,https://drive.google.com/uc?export=download&id=1NALkCEAGSf7lUZ8dZDN_tQkOAkrHuWXv,,1,1,FALSE,FALSE,TRUE
98,Si Cemong Coak,Terang Literasi,Edukasi,PDF,Akses Terbuka,,,"Buku Si Cemong Coak adalah buku dengan kategori Edukasi. Buku ini ditulis oleh Terang Literasi. Buku ini dapat diunduh, dibaca dan didiskusikan bersama di Terang Literasi.",,2026,Terang Literasi,https://drive.google.com/uc?export=download&id=1m4U8Oo3cvU8763UyChQmKI5qw4eFMjJj,https://drive.google.com/uc?export=download&id=12140XfsnstnG7M3C9v7MmYB_qwE_S7vw,,1,1,FALSE,FALSE,TRUE
99,Siapa yang Dapat Ketupatnya_,Terang Literasi,Edukasi,PDF,Akses Terbuka,,,"Buku Siapa yang Dapat Ketupatnya_ adalah buku dengan kategori Edukasi. Buku ini ditulis oleh Terang Literasi. Buku ini dapat diunduh, dibaca dan didiskusikan bersama di Terang Literasi.",,2026,Terang Literasi,,https://drive.google.com/uc?export=download&id=18RcZerD3Dz-nAzDeJNEp4Hxo8A1PMpwe,,1,1,FALSE,FALSE,TRUE
100,Teman-temanku,Terang Literasi,Edukasi,PDF,Akses Terbuka,,,"Buku Teman-temanku adalah buku dengan kategori Edukasi. Buku ini ditulis oleh Terang Literasi. Buku ini dapat diunduh, dibaca dan didiskusikan bersama di Terang Literasi.",,2026,Terang Literasi,https://drive.google.com/uc?export=download&id=1IFaIUcG5bv5TGqMMxJ5V8bnDwQnFynIQ,https://drive.google.com/uc?export=download&id=1xTgl4Y9yLM_HH0SFH3_SavNTZtZgJnaa,,1,1,FALSE,FALSE,TRUE
101,Yadi dan Kerbau Buleng,Terang Literasi,Edukasi,PDF,Akses Terbuka,,,"Buku Yadi dan Kerbau Buleng adalah buku dengan kategori Edukasi. Buku ini ditulis oleh Terang Literasi. Buku ini dapat diunduh, dibaca dan didiskusikan bersama di Terang Literasi.",,2026,Terang Literasi,https://drive.google.com/uc?export=download&id=1hnvqlnqM8THVOG4nyO9cpHX2d9o4bCRu,https://drive.google.com/uc?export=download&id=1hbg7Oy_K0p26kQAnay8iHbmiyYsgGa1K,,1,1,FALSE,FALSE,TRUE
